{
  "model": "model3_transfer",
  "train_accuracy": 0.8105460051661174,
  "validation_accuracy": 0.7926612041325258,
  "test_accuracy": 0.7886666666666666,
  "precision": 0.7906418060282688,
  "recall": 0.7886666666666666,
  "f1_score": 0.7887622815758547,
  "training_time_seconds": 542.4811867000026
}