{
  "train_accuracy": 0.8918678186514652,
  "validation_accuracy": 0.834698966868543,
  "test_accuracy": 0.8236666666666667,
  "precision": 0.8234887352985639,
  "recall": 0.8236666666666667,
  "f1_score": 0.8235300903377287
}